{
    "extrinsic": [
        0.013735633669935797,
        -0.9998325329477236,
        0.012092908129252322,
        -0.15147214027972417,
        -0.006249099289127688,
        -0.01217965002888983,
        -0.999906298051594,
        -0.11552047741416412,
        0.9998861340801571,
        0.013658776830704617,
        -0.006415347981915194,
        -0.12358158784631314,
        0.0,
        0.0,
        0.0,
        1.0
    ],
    "intrinsic": [
        1336.31147867479,
        0.0,
        959.048439269402,
        0.0,
        1333.17858928063,
        612.871708016971,
        0.0,
        0.0,
        1.0
    ],
    "distortion": [
        -0.307869967789614,
        0.149422985696171,
        0.0,
        0.0,
        -0.0455574931291456
    ]
}